-- Adminer 3.4.0 MySQL dump

SET NAMES utf8;
SET foreign_key_checks = 0;
SET time_zone = 'SYSTEM';
SET sql_mode = 'NO_AUTO_VALUE_ON_ZERO';

INSERT INTO `Fl_Category` (`id`, `parent_id`, `name`, `description`, `slug`) VALUES
(1,	NULL,	'Mauris',	'',	''),
(2,	NULL,	'Donec, vitae, arcu',	'',	''),
(3,	NULL,	'Morbi scelerisque luctus velit',	'',	''),
(4,	NULL,	'Nulla quis diam',	'',	''),
(5,	2,	'poctr',	'',	'poctr'),
(6,	3,	'korum',	'',	'korum');

INSERT INTO `Fl_Comment` (`id`, `post_id`, `name`, `email`, `web`, `content`, `created`, `publish`) VALUES
(1,	9,	'minim veniam',	'minim@veniam.lit',	'exercitation',	'Integer in sapien. Integer imperdiet lectus quis justo. Sed elit dui, pellentesque a, faucibus vel, interdum nec, diam. Proin mattis lacinia justo. Donec vitae arcu. Sed ac dolor sit amet purus malesuada congue. Proin in tellus sit amet nibh dignissim sagittis. Integer imperdiet lectus quis justo. Aliquam erat volutpat. Maecenas ipsum velit, consectetuer eu lobortis ut, dictum at dui. Nam quis nulla. Morbi scelerisque luctus velit.',	'2012-08-08 14:47:42',	1);


INSERT INTO `Fl_Newsreel` (`id`, `title`, `content`, `date`, `hit`) VALUES
(1,	'Lorem ipsum dolor sit amet',	'<p>Lorem ipsum dolor sit amet, consectetuer adipiscing elit. Sed convallis magna eu sem. Ut enim ad minima veniam, quis nostrum exercitationem ullam corporis suscipit laboriosam, nisi ut aliquid ex ea commodi consequatur? Pellentesque ipsum. Nullam at arcu a est sollicitudin euismod. Cum sociis natoque penatibus et magnis dis parturient montes, nascetur ridiculus mus. Nulla accumsan, elit sit amet varius semper, nulla mauris mollis quam, tempor suscipit diam nulla vel leo. Fusce tellus. Vivamus luctus egestas leo. Integer imperdiet lectus quis justo.</p>',	'2012-08-07 00:00:00',	2);

INSERT INTO `Fl_Option` (`id`, `name`, `value`) VALUES
(1,	'ItemsPerPage',	'8'),
(2,	'Name',	'Flame:CMS');

INSERT INTO `Fl_Page` (`id`, `user_id`, `name`, `slug`, `description`, `keywords`, `content`, `created`, `hit`) VALUES
(1,	1,	'Pellentesque habitant morbi',	'pellentesque-habitant-morbi',	'',	'',	'<p>Pellentesque habitant morbi tristique senectus et netus et malesuada fames ac turpis egestas. Donec ipsum massa, ullamcorper in, auctor et, scelerisque sed, est. Aliquam erat volutpat. Duis sapien nunc, commodo et, interdum suscipit, sollicitudin et, dolor. Donec vitae arcu. Nulla non arcu lacinia neque faucibus fringilla. Duis risus. Aliquam in lorem sit amet leo accumsan lacinia. Phasellus faucibus molestie nisl. Integer malesuada. Etiam commodo dui eget wisi. Nam libero tempore, cum soluta nobis est eligendi optio cumque nihil impedit quo minus id quod maxime placeat facere possimus, omnis voluptas assumenda est, omnis dolor repellendus. Integer pellentesque quam vel velit. Class aptent taciti sociosqu ad litora torquent per conubia nostra, per inceptos hymenaeos. Phasellus enim erat, vestibulum vel, aliquam a, posuere eu, velit. Nulla quis diam. Sed convallis magna eu sem. Aenean vel massa quis mauris vehicula lacinia. Duis ante orci, molestie vitae vehicula venenatis, tincidunt ac pede. Class aptent taciti sociosqu ad litora torquent per conubia nostra, per inceptos hymenaeos.</p>\r\n<p>Maecenas ipsum velit, consectetuer eu lobortis ut, dictum at dui. Fusce tellus. Nemo enim ipsam voluptatem quia voluptas sit aspernatur aut odit aut fugit, sed quia consequuntur magni dolores eos qui ratione voluptatem sequi nesciunt. Integer pellentesque quam vel velit. Etiam quis quam. Proin in tellus sit amet nibh dignissim sagittis. Maecenas aliquet accumsan leo. Nullam justo enim, consectetuer nec, ullamcorper ac, vestibulum in, elit. Aenean fermentum risus id tortor. Mauris tincidunt sem sed arcu. Etiam posuere lacus quis dolor. Duis viverra diam non justo. Class aptent taciti sociosqu ad litora torquent per conubia nostra, per inceptos hymenaeos. Nullam sapien sem, ornare ac, nonummy non, lobortis a enim. Praesent dapibus. Mauris tincidunt sem sed arcu. Pellentesque arcu. Ut enim ad minima veniam, quis nostrum exercitationem ullam corporis suscipit laboriosam, nisi ut aliquid ex ea commodi consequatur?</p>\r\n<p>Itaque earum rerum hic tenetur a sapiente delectus, ut aut reiciendis voluptatibus maiores alias consequatur aut perferendis doloribus asperiores repellat. Fusce wisi. Cum sociis natoque penatibus et magnis dis parturient montes, nascetur ridiculus mus. Class aptent taciti sociosqu ad litora torquent per conubia nostra, per inceptos hymenaeos. Suspendisse sagittis ultrices augue. Vivamus luctus egestas leo. Maecenas sollicitudin. Nullam sapien sem, ornare ac, nonummy non, lobortis a enim. Morbi imperdiet, mauris ac auctor dictum, nisl ligula egestas nulla, et sollicitudin sem purus in lacus. Nulla quis diam.</p>\r\n<p>Ut enim ad minim veniam, quis nostrud exercitation ullamco laboris nisi ut aliquip ex ea commodo consequat. Sed vel lectus. Donec odio tempus molestie, porttitor ut, iaculis quis, sem. Aenean vel massa quis mauris vehicula lacinia. Praesent id justo in neque elementum ultrices. Phasellus et lorem id felis nonummy placerat. Phasellus enim erat, vestibulum vel, aliquam a, posuere eu, velit. Ut tempus purus at lorem. Praesent id justo in neque elementum ultrices. Mauris dictum facilisis augue. Nullam feugiat, turpis at pulvinar vulputate, erat libero tristique tellus, nec bibendum odio risus sit amet ante. Fusce dui leo, imperdiet in, aliquam sit amet, feugiat eu, orci. Aenean placerat. Proin mattis lacinia justo.</p>\r\n<p>Duis sapien nunc, commodo et, interdum suscipit, sollicitudin et, dolor. Nulla est. Quisque porta. Phasellus et lorem id felis nonummy placerat. In dapibus augue non sapien. Pellentesque ipsum. Etiam quis quam. Et harum quidem rerum facilis est et expedita distinctio. Integer in sapien. Phasellus rhoncus. Quisque tincidunt scelerisque libero. Donec iaculis gravida nulla. Fusce wisi. Proin mattis lacinia justo. Maecenas libero. Ut enim ad minim veniam, quis nostrud exercitation ullamco laboris nisi ut aliquip ex ea commodo consequat. Aenean id metus id velit ullamcorper pulvinar. Sed vel lectus. Donec odio tempus molestie, porttitor ut, iaculis quis, sem.</p>',	'2012-08-08 14:40:13',	2);

INSERT INTO `Fl_post_tag` (`post_id`, `tag_id`) VALUES
(1,	1),
(1,	2),
(1,	3),
(2,	4),
(2,	5),
(2,	6),
(3,	7),
(3,	8),
(4,	2),
(4,	5),
(4,	7),
(5,	1),
(5,	4),
(5,	9),
(5,	10),
(5,	11),
(6,	2),
(6,	5),
(6,	7),
(7,	3),
(7,	5),
(7,	12),
(8,	2),
(8,	6),
(9,	1),
(9,	5),
(9,	9);

INSERT INTO `Fl_Post` (`id`, `user_id`, `category_id`, `name`, `slug`, `description`, `keywords`, `content`, `created`, `publish`, `comment`, `hit`) VALUES
(1,	1,	1,	'Mauris dolor felis',	'mauris-dolor-felis',	'',	'',	'<p>Mauris dolor felis, sagittis at, luctus sed, aliquam non, tellus. Duis condimentum augue id magna semper rutrum. Suspendisse sagittis ultrices augue. Excepteur sint occaecat cupidatat non proident, sunt in culpa qui officia deserunt mollit anim id est laborum. Phasellus et lorem id felis nonummy placerat. Fusce aliquam vestibulum ipsum. Integer in sapien. In convallis. Maecenas ipsum velit, consectetuer eu lobortis ut, dictum at dui. Lorem ipsum dolor sit amet, consectetuer adipiscing elit. Praesent dapibus. Maecenas lorem. Integer vulputate sem a nibh rutrum consequat. Donec ipsum massa, ullamcorper in, auctor et, scelerisque sed, est. Maecenas ipsum velit, consectetuer eu lobortis ut, dictum at dui.</p>\r\n<p>Suspendisse nisl. Morbi leo mi, nonummy eget tristique non, rhoncus non leo. Fusce dui leo, imperdiet in, aliquam sit amet, feugiat eu, orci. Ut enim ad minim veniam, quis nostrud exercitation ullamco laboris nisi ut aliquip ex ea commodo consequat. Nunc dapibus tortor vel mi dapibus sollicitudin. Nullam justo enim, consectetuer nec, ullamcorper ac, vestibulum in, elit. Nunc dapibus tortor vel mi dapibus sollicitudin. Etiam commodo dui eget wisi. Donec iaculis gravida nulla. Fusce aliquam vestibulum ipsum. Curabitur ligula sapien, pulvinar a vestibulum quis, facilisis vel sapien. Nam sed tellus id magna elementum tincidunt. Proin mattis lacinia justo. Nullam eget nisl. Etiam dictum tincidunt diam. Pellentesque arcu.</p>\r\n<p>Duis risus. Nullam eget nisl. Aenean fermentum risus id tortor. Quisque tincidunt scelerisque libero. Nunc dapibus tortor vel mi dapibus sollicitudin. Nulla quis diam. Praesent in mauris eu tortor porttitor accumsan. In dapibus augue non sapien. Etiam bibendum elit eget erat. Et harum quidem rerum facilis est et expedita distinctio.</p>\r\n<p>Vestibulum fermentum tortor id mi. Morbi imperdiet, mauris ac auctor dictum, nisl ligula egestas nulla, et sollicitudin sem purus in lacus. Aliquam erat volutpat. Etiam dui sem, fermentum vitae, sagittis id, malesuada in, quam. Maecenas lorem. Nam quis nulla. Integer tempor. Aliquam erat volutpat. Vivamus porttitor turpis ac leo. Pellentesque ipsum. Cras pede libero, dapibus nec, pretium sit amet, tempor quis. Aenean vel massa quis mauris vehicula lacinia. Nullam eget nisl.</p>\r\n<p>Neque porro quisquam est, qui dolorem ipsum quia dolor sit amet, consectetur, adipisci velit, sed quia non numquam eius modi tempora incidunt ut labore et dolore magnam aliquam quaerat voluptatem. Mauris elementum mauris vitae tortor. Class aptent taciti sociosqu ad litora torquent per conubia nostra, per inceptos hymenaeos. Aliquam ante. Vivamus porttitor turpis ac leo. Nullam lectus justo, vulputate eget mollis sed, tempor sed magna. Nullam at arcu a est sollicitudin euismod. Pellentesque pretium lectus id turpis. In rutrum. Praesent vitae arcu tempor neque lacinia pretium. Vivamus ac leo pretium faucibus. Fusce nibh. Duis bibendum, lectus ut viverra rhoncus, dolor nunc faucibus libero, eget facilisis enim ipsum id lacus. Quisque tincidunt scelerisque libero. Pellentesque ipsum. Duis aute irure dolor in reprehenderit in voluptate velit esse cillum dolore eu fugiat nulla pariatur. In laoreet, magna id viverra tincidunt, sem odio bibendum justo, vel imperdiet sapien wisi sed libero. Fusce dui leo, imperdiet in, aliquam sit amet, feugiat eu, orci. Etiam bibendum elit eget erat. Maecenas aliquet accumsan leo.</p>',	'2012-08-08 14:08:40',	1,	1,	0),
(2,	1,	2,	'Donec vitae arcu',	'donec-vitae-arcu',	'',	'',	'<p>Donec vitae arcu. Nulla accumsan, elit sit amet varius semper, nulla mauris mollis quam, tempor suscipit diam nulla vel leo. Aliquam erat volutpat. Nulla quis diam. Aliquam ante. Pellentesque ipsum. Proin pede metus, vulputate nec, fermentum fringilla, vehicula vitae, justo. Etiam ligula pede, sagittis quis, interdum ultricies, scelerisque eu. Etiam dictum tincidunt diam. Vivamus luctus egestas leo. Praesent in mauris eu tortor porttitor accumsan. Proin pede metus, vulputate nec, fermentum fringilla, vehicula vitae, justo. Nulla pulvinar eleifend sem. Integer malesuada. Suspendisse nisl. Duis pulvinar. Aenean vel massa quis mauris vehicula lacinia. Maecenas fermentum, sem in pharetra pellentesque, velit turpis volutpat ante, in pharetra metus odio a lectus. Etiam quis quam.</p>\r\n<p>Duis bibendum, lectus ut viverra rhoncus, dolor nunc faucibus libero, eget facilisis enim ipsum id lacus. Pellentesque arcu. Praesent dapibus. Maecenas fermentum, sem in pharetra pellentesque, velit turpis volutpat ante, in pharetra metus odio a lectus. Fusce dui leo, imperdiet in, aliquam sit amet, feugiat eu, orci. Integer vulputate sem a nibh rutrum consequat. Proin in tellus sit amet nibh dignissim sagittis. Phasellus faucibus molestie nisl. Sed vel lectus. Donec odio tempus molestie, porttitor ut, iaculis quis, sem. Nulla non arcu lacinia neque faucibus fringilla. Nam sed tellus id magna elementum tincidunt. In dapibus augue non sapien. Etiam posuere lacus quis dolor. Vestibulum erat nulla, ullamcorper nec, rutrum non, nonummy ac, erat.</p>\r\n<p>Pellentesque pretium lectus id turpis. Mauris dictum facilisis augue. Cum sociis natoque penatibus et magnis dis parturient montes, nascetur ridiculus mus. Duis sapien nunc, commodo et, interdum suscipit, sollicitudin et, dolor. Nam libero tempore, cum soluta nobis est eligendi optio cumque nihil impedit quo minus id quod maxime placeat facere possimus, omnis voluptas assumenda est, omnis dolor repellendus. Praesent in mauris eu tortor porttitor accumsan. Nulla pulvinar eleifend sem. Etiam commodo dui eget wisi. Aenean vel massa quis mauris vehicula lacinia. Vivamus ac leo pretium faucibus. Aenean fermentum risus id tortor. Phasellus enim erat, vestibulum vel, aliquam a, posuere eu, velit. Mauris metus. Cum sociis natoque penatibus et magnis dis parturient montes, nascetur ridiculus mus. Morbi leo mi, nonummy eget tristique non, rhoncus non leo.</p>\r\n<p>Temporibus autem quibusdam et aut officiis debitis aut rerum necessitatibus saepe eveniet ut et voluptates repudiandae sint et molestiae non recusandae. Cras elementum. Praesent vitae arcu tempor neque lacinia pretium. Aenean placerat. Maecenas lorem. Sed ac dolor sit amet purus malesuada congue. Et harum quidem rerum facilis est et expedita distinctio. Nullam eget nisl. Nulla pulvinar eleifend sem. Praesent vitae arcu tempor neque lacinia pretium. In sem justo, commodo ut, suscipit at, pharetra vitae, orci. Mauris suscipit, ligula sit amet pharetra semper, nibh ante cursus purus, vel sagittis velit mauris vel metus. Fusce dui leo, imperdiet in, aliquam sit amet, feugiat eu, orci. In enim a arcu imperdiet malesuada. Integer rutrum, orci vestibulum ullamcorper ultricies, lacus quam ultricies odio, vitae placerat pede sem sit amet enim.</p>\r\n<p>Temporibus autem quibusdam et aut officiis debitis aut rerum necessitatibus saepe eveniet ut et voluptates repudiandae sint et molestiae non recusandae. Aliquam erat volutpat. Curabitur bibendum justo non orci. Aliquam ante. Phasellus faucibus molestie nisl. Aenean id metus id velit ullamcorper pulvinar. Mauris tincidunt sem sed arcu. Vestibulum fermentum tortor id mi. Class aptent taciti sociosqu ad litora torquent per conubia nostra, per inceptos hymenaeos. Phasellus faucibus molestie nisl. Vivamus luctus egestas leo. Vivamus porttitor turpis ac leo. Fusce aliquam vestibulum ipsum. Nulla non lectus sed nisl molestie malesuada. Nullam lectus justo, vulputate eget mollis sed, tempor sed magna. Aliquam ornare wisi eu metus. Duis ante orci, molestie vitae vehicula venenatis, tincidunt ac pede. Etiam posuere lacus quis dolor.</p>',	'2012-08-08 14:14:36',	1,	1,	1),
(3,	1,	1,	'Nunc auctor',	'nunc-auctor',	'',	'',	'<p>Nunc auctor. Etiam sapien elit, consequat eget, tristique non, venenatis quis, ante. Mauris suscipit, ligula sit amet pharetra semper, nibh ante cursus purus, vel sagittis velit mauris vel metus. Nemo enim ipsam voluptatem quia voluptas sit aspernatur aut odit aut fugit, sed quia consequuntur magni dolores eos qui ratione voluptatem sequi nesciunt. Donec ipsum massa, ullamcorper in, auctor et, scelerisque sed, est. Fusce aliquam vestibulum ipsum. Nullam at arcu a est sollicitudin euismod. Aenean vel massa quis mauris vehicula lacinia. Donec iaculis gravida nulla. Nulla non arcu lacinia neque faucibus fringilla. Nulla non lectus sed nisl molestie malesuada. Vivamus ac leo pretium faucibus. Fusce nibh. Nulla non lectus sed nisl molestie malesuada.</p>\r\n<p>Aenean placerat. Mauris metus. Vestibulum erat nulla, ullamcorper nec, rutrum non, nonummy ac, erat. In enim a arcu imperdiet malesuada. Suspendisse nisl. Aliquam id dolor. In convallis. Nunc dapibus tortor vel mi dapibus sollicitudin. Nam quis nulla. Sed ac dolor sit amet purus malesuada congue. In enim a arcu imperdiet malesuada. Integer lacinia. Curabitur bibendum justo non orci. Pellentesque arcu. Etiam sapien elit, consequat eget, tristique non, venenatis quis, ante. Cras elementum. Pellentesque ipsum. Duis bibendum, lectus ut viverra rhoncus, dolor nunc faucibus libero, eget facilisis enim ipsum id lacus.</p>\r\n<p>Maecenas aliquet accumsan leo. Etiam sapien elit, consequat eget, tristique non, venenatis quis, ante. Nulla turpis magna, cursus sit amet, suscipit a, interdum id, felis. Et harum quidem rerum facilis est et expedita distinctio. Pellentesque ipsum. Quis autem vel eum iure reprehenderit qui in ea voluptate velit esse quam nihil molestiae consequatur, vel illum qui dolorem eum fugiat quo voluptas nulla pariatur? Etiam sapien elit, consequat eget, tristique non, venenatis quis, ante. Integer tempor. Aenean placerat. Fusce consectetuer risus a nunc.</p>\r\n<p>Morbi leo mi, nonummy eget tristique non, rhoncus non leo. Vivamus ac leo pretium faucibus. Ut enim ad minima veniam, quis nostrum exercitationem ullam corporis suscipit laboriosam, nisi ut aliquid ex ea commodi consequatur? Aliquam ante. Aliquam erat volutpat. Integer malesuada. In rutrum. Suspendisse nisl. Vestibulum erat nulla, ullamcorper nec, rutrum non, nonummy ac, erat. Duis bibendum, lectus ut viverra rhoncus, dolor nunc faucibus libero, eget facilisis enim ipsum id lacus. Duis ante orci, molestie vitae vehicula venenatis, tincidunt ac pede. Aliquam ornare wisi eu metus. Maecenas ipsum velit, consectetuer eu lobortis ut, dictum at dui. Proin mattis lacinia justo. In convallis. Phasellus rhoncus.</p>\r\n<p>Etiam quis quam. Etiam sapien elit, consequat eget, tristique non, venenatis quis, ante. Mauris metus. Etiam sapien elit, consequat eget, tristique non, venenatis quis, ante. Etiam dictum tincidunt diam. Quis autem vel eum iure reprehenderit qui in ea voluptate velit esse quam nihil molestiae consequatur, vel illum qui dolorem eum fugiat quo voluptas nulla pariatur? In sem justo, commodo ut, suscipit at, pharetra vitae, orci. Duis sapien nunc, commodo et, interdum suscipit, sollicitudin et, dolor. Aliquam in lorem sit amet leo accumsan lacinia. Excepteur sint occaecat cupidatat non proident, sunt in culpa qui officia deserunt mollit anim id est laborum. Curabitur vitae diam non enim vestibulum interdum. Praesent vitae arcu tempor neque lacinia pretium. Vivamus porttitor turpis ac leo. In enim a arcu imperdiet malesuada. Nunc tincidunt ante vitae massa. Nulla pulvinar eleifend sem. Aliquam erat volutpat. Nam quis nulla. Maecenas libero. Fusce suscipit libero eget elit.</p>',	'2012-08-08 14:15:31',	1,	1,	0),
(4,	1,	1,	'Fusce aliquam vestibulum ipsum',	'fusce-aliquam-vestibulum-ipsum',	'',	'',	'<p>Fusce aliquam vestibulum ipsum. Itaque earum rerum hic tenetur a sapiente delectus, ut aut reiciendis voluptatibus maiores alias consequatur aut perferendis doloribus asperiores repellat. Curabitur sagittis hendrerit ante. Aliquam erat volutpat. Aliquam erat volutpat. Aliquam erat volutpat. Aliquam in lorem sit amet leo accumsan lacinia. Nullam rhoncus aliquam metus. Morbi imperdiet, mauris ac auctor dictum, nisl ligula egestas nulla, et sollicitudin sem purus in lacus. Phasellus faucibus molestie nisl. Aliquam erat volutpat.</p>\r\n<p>Integer lacinia. Nulla est. Donec vitae arcu. Maecenas libero. Neque porro quisquam est, qui dolorem ipsum quia dolor sit amet, consectetur, adipisci velit, sed quia non numquam eius modi tempora incidunt ut labore et dolore magnam aliquam quaerat voluptatem. Aliquam ornare wisi eu metus. Maecenas sollicitudin. Etiam dui sem, fermentum vitae, sagittis id, malesuada in, quam. Aliquam in lorem sit amet leo accumsan lacinia. Sed ut perspiciatis unde omnis iste natus error sit voluptatem accusantium doloremque laudantium, totam rem aperiam, eaque ipsa quae ab illo inventore veritatis et quasi architecto beatae vitae dicta sunt explicabo. Et harum quidem rerum facilis est et expedita distinctio. Nunc dapibus tortor vel mi dapibus sollicitudin. Duis pulvinar. In sem justo, commodo ut, suscipit at, pharetra vitae, orci. Aliquam in lorem sit amet leo accumsan lacinia.</p>\r\n<p>Aenean fermentum risus id tortor. Etiam neque. Sed convallis magna eu sem. Excepteur sint occaecat cupidatat non proident, sunt in culpa qui officia deserunt mollit anim id est laborum. Proin mattis lacinia justo. Etiam posuere lacus quis dolor. Aliquam in lorem sit amet leo accumsan lacinia. Duis ante orci, molestie vitae vehicula venenatis, tincidunt ac pede. Mauris dolor felis, sagittis at, luctus sed, aliquam non, tellus. Maecenas sollicitudin. Proin mattis lacinia justo. Proin pede metus, vulputate nec, fermentum fringilla, vehicula vitae, justo. Nulla accumsan, elit sit amet varius semper, nulla mauris mollis quam, tempor suscipit diam nulla vel leo. Class aptent taciti sociosqu ad litora torquent per conubia nostra, per inceptos hymenaeos. In rutrum. Mauris elementum mauris vitae tortor. Aliquam ante. Itaque earum rerum hic tenetur a sapiente delectus, ut aut reiciendis voluptatibus maiores alias consequatur aut perferendis doloribus asperiores repellat. Class aptent taciti sociosqu ad litora torquent per conubia nostra, per inceptos hymenaeos. Nulla non lectus sed nisl molestie malesuada.</p>\r\n<p>Etiam posuere lacus quis dolor. Duis bibendum, lectus ut viverra rhoncus, dolor nunc faucibus libero, eget facilisis enim ipsum id lacus. Ut tempus purus at lorem. Aliquam erat volutpat. Vivamus ac leo pretium faucibus. In convallis. Nullam at arcu a est sollicitudin euismod. Aliquam ornare wisi eu metus. Morbi leo mi, nonummy eget tristique non, rhoncus non leo. Etiam ligula pede, sagittis quis, interdum ultricies, scelerisque eu. Etiam neque. Nulla non arcu lacinia neque faucibus fringilla. Integer tempor. Aliquam erat volutpat. Nullam justo enim, consectetuer nec, ullamcorper ac, vestibulum in, elit. Suspendisse nisl.</p>\r\n<p>Duis aute irure dolor in reprehenderit in voluptate velit esse cillum dolore eu fugiat nulla pariatur. Pellentesque sapien. Mauris suscipit, ligula sit amet pharetra semper, nibh ante cursus purus, vel sagittis velit mauris vel metus. Pellentesque ipsum. Curabitur bibendum justo non orci. In convallis. Mauris dictum facilisis augue. In rutrum. Maecenas fermentum, sem in pharetra pellentesque, velit turpis volutpat ante, in pharetra metus odio a lectus. In laoreet, magna id viverra tincidunt, sem odio bibendum justo, vel imperdiet sapien wisi sed libero. Cras pede libero, dapibus nec, pretium sit amet, tempor quis. Donec ipsum massa, ullamcorper in, auctor et, scelerisque sed, est. Vivamus luctus egestas leo. In dapibus augue non sapien. Fusce tellus odio, dapibus id fermentum quis, suscipit id erat. Donec vitae arcu. Nullam dapibus fermentum ipsum. Mauris suscipit, ligula sit amet pharetra semper, nibh ante cursus purus, vel sagittis velit mauris vel metus. Duis sapien nunc, commodo et, interdum suscipit, sollicitudin et, dolor.</p>',	'2012-08-08 14:16:05',	1,	1,	0),
(5,	1,	3,	'Morbi scelerisque luctus velit',	'morbi-scelerisque-luctus-velit',	'',	'',	'<p>Morbi scelerisque luctus velit. Donec vitae arcu. Duis sapien nunc, commodo et, interdum suscipit, sollicitudin et, dolor. Integer vulputate sem a nibh rutrum consequat. Etiam sapien elit, consequat eget, tristique non, venenatis quis, ante. Maecenas fermentum, sem in pharetra pellentesque, velit turpis volutpat ante, in pharetra metus odio a lectus. Etiam bibendum elit eget erat. Integer malesuada. Pellentesque ipsum. Ut tempus purus at lorem. Nunc auctor. Nulla turpis magna, cursus sit amet, suscipit a, interdum id, felis. Cras elementum. Ut enim ad minim veniam, quis nostrud exercitation ullamco laboris nisi ut aliquip ex ea commodo consequat. Duis aute irure dolor in reprehenderit in voluptate velit esse cillum dolore eu fugiat nulla pariatur.</p>\r\n<p>Nullam dapibus fermentum ipsum. Vivamus luctus egestas leo. Integer rutrum, orci vestibulum ullamcorper ultricies, lacus quam ultricies odio, vitae placerat pede sem sit amet enim. Nullam faucibus mi quis velit. Mauris elementum mauris vitae tortor. Aliquam erat volutpat. Sed vel lectus. Donec odio tempus molestie, porttitor ut, iaculis quis, sem. Maecenas sollicitudin. Phasellus et lorem id felis nonummy placerat. Duis sapien nunc, commodo et, interdum suscipit, sollicitudin et, dolor. Duis bibendum, lectus ut viverra rhoncus, dolor nunc faucibus libero, eget facilisis enim ipsum id lacus. Aliquam erat volutpat. Phasellus et lorem id felis nonummy placerat. Pellentesque sapien. Etiam posuere lacus quis dolor. Nullam eget nisl. Ut enim ad minima veniam, quis nostrum exercitationem ullam corporis suscipit laboriosam, nisi ut aliquid ex ea commodi consequatur?</p>\r\n<p>Pellentesque arcu. Aliquam erat volutpat. Et harum quidem rerum facilis est et expedita distinctio. Aliquam erat volutpat. Duis ante orci, molestie vitae vehicula venenatis, tincidunt ac pede. Mauris metus. Nunc auctor. Pellentesque sapien. Suspendisse nisl. In dapibus augue non sapien. Integer lacinia. Duis pulvinar.</p>\r\n<p>Nullam sit amet magna in magna gravida vehicula. Mauris tincidunt sem sed arcu. Fusce aliquam vestibulum ipsum. Aenean vel massa quis mauris vehicula lacinia. Fusce dui leo, imperdiet in, aliquam sit amet, feugiat eu, orci. Proin mattis lacinia justo. Suspendisse sagittis ultrices augue. Fusce dui leo, imperdiet in, aliquam sit amet, feugiat eu, orci. In dapibus augue non sapien. Vestibulum erat nulla, ullamcorper nec, rutrum non, nonummy ac, erat. Ut tempus purus at lorem. Integer lacinia. Fusce suscipit libero eget elit. Curabitur bibendum justo non orci. Vivamus luctus egestas leo. Etiam ligula pede, sagittis quis, interdum ultricies, scelerisque eu. Duis pulvinar.</p>\r\n<p>Vivamus luctus egestas leo. In laoreet, magna id viverra tincidunt, sem odio bibendum justo, vel imperdiet sapien wisi sed libero. Etiam neque. Excepteur sint occaecat cupidatat non proident, sunt in culpa qui officia deserunt mollit anim id est laborum. Aenean id metus id velit ullamcorper pulvinar. Proin pede metus, vulputate nec, fermentum fringilla, vehicula vitae, justo. Nulla non lectus sed nisl molestie malesuada. Nullam sapien sem, ornare ac, nonummy non, lobortis a enim. Maecenas fermentum, sem in pharetra pellentesque, velit turpis volutpat ante, in pharetra metus odio a lectus. Vivamus porttitor turpis ac leo. Nullam lectus justo, vulputate eget mollis sed, tempor sed magna. Mauris suscipit, ligula sit amet pharetra semper, nibh ante cursus purus, vel sagittis velit mauris vel metus. Duis pulvinar. Aliquam ornare wisi eu metus. Etiam quis quam. Aliquam erat volutpat. Aenean placerat. Proin pede metus, vulputate nec, fermentum fringilla, vehicula vitae, justo. Quisque porta.</p>',	'2012-08-08 14:16:56',	1,	1,	1),
(6,	1,	3,	'Nullam dapibus fermentum ipsum',	'nullam-dapibus-fermentum-ipsum',	'',	'',	'<p>Nullam dapibus fermentum ipsum. Suspendisse sagittis ultrices augue. Duis sapien nunc, commodo et, interdum suscipit, sollicitudin et, dolor. Temporibus autem quibusdam et aut officiis debitis aut rerum necessitatibus saepe eveniet ut et voluptates repudiandae sint et molestiae non recusandae. Pellentesque pretium lectus id turpis. Phasellus enim erat, vestibulum vel, aliquam a, posuere eu, velit. Nullam eget nisl. Curabitur bibendum justo non orci. Ut enim ad minima veniam, quis nostrum exercitationem ullam corporis suscipit laboriosam, nisi ut aliquid ex ea commodi consequatur? Duis viverra diam non justo.</p>\r\n<p>Maecenas aliquet accumsan leo. Curabitur bibendum justo non orci. Phasellus faucibus molestie nisl. Nullam lectus justo, vulputate eget mollis sed, tempor sed magna. Cras pede libero, dapibus nec, pretium sit amet, tempor quis. Class aptent taciti sociosqu ad litora torquent per conubia nostra, per inceptos hymenaeos. Fusce tellus. Ut tempus purus at lorem. Fusce wisi. Excepteur sint occaecat cupidatat non proident, sunt in culpa qui officia deserunt mollit anim id est laborum. Maecenas libero. Pellentesque ipsum. Phasellus faucibus molestie nisl. Ut tempus purus at lorem. Temporibus autem quibusdam et aut officiis debitis aut rerum necessitatibus saepe eveniet ut et voluptates repudiandae sint et molestiae non recusandae. Ut enim ad minima veniam, quis nostrum exercitationem ullam corporis suscipit laboriosam, nisi ut aliquid ex ea commodi consequatur? Aliquam ornare wisi eu metus.</p>\r\n<p>Curabitur bibendum justo non orci. Maecenas libero. Vestibulum erat nulla, ullamcorper nec, rutrum non, nonummy ac, erat. Curabitur sagittis hendrerit ante. Pellentesque arcu. Aliquam in lorem sit amet leo accumsan lacinia. Donec ipsum massa, ullamcorper in, auctor et, scelerisque sed, est. Sed elit dui, pellentesque a, faucibus vel, interdum nec, diam. Fusce wisi. Etiam ligula pede, sagittis quis, interdum ultricies, scelerisque eu.</p>\r\n<p>Cum sociis natoque penatibus et magnis dis parturient montes, nascetur ridiculus mus. Integer rutrum, orci vestibulum ullamcorper ultricies, lacus quam ultricies odio, vitae placerat pede sem sit amet enim. Integer lacinia. Integer imperdiet lectus quis justo. Duis risus. Donec quis nibh at felis congue commodo. Sed ut perspiciatis unde omnis iste natus error sit voluptatem accusantium doloremque laudantium, totam rem aperiam, eaque ipsa quae ab illo inventore veritatis et quasi architecto beatae vitae dicta sunt explicabo. Pellentesque sapien. Aenean fermentum risus id tortor. Integer malesuada. Donec ipsum massa, ullamcorper in, auctor et, scelerisque sed, est.</p>\r\n<p>Duis aute irure dolor in reprehenderit in voluptate velit esse cillum dolore eu fugiat nulla pariatur. Nullam at arcu a est sollicitudin euismod. Pellentesque ipsum. Fusce nibh. Lorem ipsum dolor sit amet, consectetuer adipiscing elit. Aliquam ante. Aliquam erat volutpat. Nullam faucibus mi quis velit. Ut tempus purus at lorem. Nemo enim ipsam voluptatem quia voluptas sit aspernatur aut odit aut fugit, sed quia consequuntur magni dolores eos qui ratione voluptatem sequi nesciunt. Phasellus enim erat, vestibulum vel, aliquam a, posuere eu, velit. Quisque porta. Phasellus enim erat, vestibulum vel, aliquam a, posuere eu, velit.</p>',	'2012-08-08 14:17:27',	1,	0,	0),
(7,	1,	2,	'Aliquam ante',	'aliquam-ante',	'',	'',	'<p>Aliquam ante. Nullam dapibus fermentum ipsum. Etiam egestas wisi a erat. Etiam dictum tincidunt diam. Etiam commodo dui eget wisi. Mauris elementum mauris vitae tortor. Nunc tincidunt ante vitae massa. Proin pede metus, vulputate nec, fermentum fringilla, vehicula vitae, justo. Maecenas sollicitudin. Cum sociis natoque penatibus et magnis dis parturient montes, nascetur ridiculus mus. In dapibus augue non sapien.</p>\r\n<p>Nullam sapien sem, ornare ac, nonummy non, lobortis a enim. Ut tempus purus at lorem. Mauris elementum mauris vitae tortor. Etiam dui sem, fermentum vitae, sagittis id, malesuada in, quam. Fusce consectetuer risus a nunc. Fusce wisi. Aliquam in lorem sit amet leo accumsan lacinia. Sed ac dolor sit amet purus malesuada congue. Aenean placerat. Aliquam erat volutpat. Etiam egestas wisi a erat. Aenean placerat. Morbi leo mi, nonummy eget tristique non, rhoncus non leo. Etiam bibendum elit eget erat. Aliquam id dolor. Ut enim ad minima veniam, quis nostrum exercitationem ullam corporis suscipit laboriosam, nisi ut aliquid ex ea commodi consequatur?</p>\r\n<p>Nulla pulvinar eleifend sem. Donec iaculis gravida nulla. Mauris dictum facilisis augue. Fusce tellus odio, dapibus id fermentum quis, suscipit id erat. Lorem ipsum dolor sit amet, consectetuer adipiscing elit. Sed convallis magna eu sem. Nemo enim ipsam voluptatem quia voluptas sit aspernatur aut odit aut fugit, sed quia consequuntur magni dolores eos qui ratione voluptatem sequi nesciunt. Neque porro quisquam est, qui dolorem ipsum quia dolor sit amet, consectetur, adipisci velit, sed quia non numquam eius modi tempora incidunt ut labore et dolore magnam aliquam quaerat voluptatem. Maecenas aliquet accumsan leo. Nulla est. Nullam rhoncus aliquam metus.</p>\r\n<p>Etiam sapien elit, consequat eget, tristique non, venenatis quis, ante. Duis pulvinar. Pellentesque arcu. Etiam egestas wisi a erat. Aliquam erat volutpat. Sed vel lectus. Donec odio tempus molestie, porttitor ut, iaculis quis, sem. Nam libero tempore, cum soluta nobis est eligendi optio cumque nihil impedit quo minus id quod maxime placeat facere possimus, omnis voluptas assumenda est, omnis dolor repellendus. Integer imperdiet lectus quis justo. Etiam egestas wisi a erat. Praesent vitae arcu tempor neque lacinia pretium. Pellentesque pretium lectus id turpis. Nullam lectus justo, vulputate eget mollis sed, tempor sed magna. Nullam eget nisl. Vivamus luctus egestas leo. Nemo enim ipsam voluptatem quia voluptas sit aspernatur aut odit aut fugit, sed quia consequuntur magni dolores eos qui ratione voluptatem sequi nesciunt. Duis ante orci, molestie vitae vehicula venenatis, tincidunt ac pede. Etiam sapien elit, consequat eget, tristique non, venenatis quis, ante. Nunc dapibus tortor vel mi dapibus sollicitudin.</p>\r\n<p>Nam quis nulla. Aliquam erat volutpat. Praesent id justo in neque elementum ultrices. Nullam lectus justo, vulputate eget mollis sed, tempor sed magna. Aliquam erat volutpat. Fusce aliquam vestibulum ipsum. Fusce suscipit libero eget elit. Aliquam in lorem sit amet leo accumsan lacinia. Vivamus ac leo pretium faucibus. Phasellus faucibus molestie nisl. Nullam justo enim, consectetuer nec, ullamcorper ac, vestibulum in, elit. Proin in tellus sit amet nibh dignissim sagittis. Cum sociis natoque penatibus et magnis dis parturient montes, nascetur ridiculus mus. Mauris metus. Nullam at arcu a est sollicitudin euismod. Aliquam in lorem sit amet leo accumsan lacinia. Aenean fermentum risus id tortor. In dapibus augue non sapien. Quisque tincidunt scelerisque libero.</p>',	'2012-08-08 14:18:40',	1,	0,	0),
(8,	1,	4,	'Nulla quis diam',	'nulla-quis-diam',	'',	'',	'<p>Nulla quis diam. Curabitur ligula sapien, pulvinar a vestibulum quis, facilisis vel sapien. Cum sociis natoque penatibus et magnis dis parturient montes, nascetur ridiculus mus. Aenean fermentum risus id tortor. Vivamus ac leo pretium faucibus. Proin mattis lacinia justo. Aliquam erat volutpat. Nullam faucibus mi quis velit. Et harum quidem rerum facilis est et expedita distinctio. Nunc auctor. Phasellus faucibus molestie nisl. Neque porro quisquam est, qui dolorem ipsum quia dolor sit amet, consectetur, adipisci velit, sed quia non numquam eius modi tempora incidunt ut labore et dolore magnam aliquam quaerat voluptatem. Suspendisse nisl. Nunc auctor. Etiam posuere lacus quis dolor. Aliquam erat volutpat. Aliquam in lorem sit amet leo accumsan lacinia. Nullam sapien sem, ornare ac, nonummy non, lobortis a enim.</p>\r\n<p>Etiam dictum tincidunt diam. Curabitur ligula sapien, pulvinar a vestibulum quis, facilisis vel sapien. Maecenas aliquet accumsan leo. Sed elit dui, pellentesque a, faucibus vel, interdum nec, diam. Nullam faucibus mi quis velit. Duis ante orci, molestie vitae vehicula venenatis, tincidunt ac pede. In laoreet, magna id viverra tincidunt, sem odio bibendum justo, vel imperdiet sapien wisi sed libero. Integer malesuada. Etiam ligula pede, sagittis quis, interdum ultricies, scelerisque eu. Mauris suscipit, ligula sit amet pharetra semper, nibh ante cursus purus, vel sagittis velit mauris vel metus. Fusce wisi. Vivamus ac leo pretium faucibus. Aliquam in lorem sit amet leo accumsan lacinia. Nullam rhoncus aliquam metus. Sed elit dui, pellentesque a, faucibus vel, interdum nec, diam. Etiam egestas wisi a erat. Nullam sapien sem, ornare ac, nonummy non, lobortis a enim.</p>\r\n<p>Nullam rhoncus aliquam metus. Suspendisse nisl. Cras pede libero, dapibus nec, pretium sit amet, tempor quis. Excepteur sint occaecat cupidatat non proident, sunt in culpa qui officia deserunt mollit anim id est laborum. Fusce tellus. Pellentesque ipsum. Mauris dictum facilisis augue. Mauris elementum mauris vitae tortor. Fusce nibh. Class aptent taciti sociosqu ad litora torquent per conubia nostra, per inceptos hymenaeos. Integer rutrum, orci vestibulum ullamcorper ultricies, lacus quam ultricies odio, vitae placerat pede sem sit amet enim. Fusce tellus. Praesent dapibus. Etiam dictum tincidunt diam.</p>\r\n<p>Et harum quidem rerum facilis est et expedita distinctio. Aliquam id dolor. Duis risus. Nam quis nulla. Etiam posuere lacus quis dolor. Curabitur vitae diam non enim vestibulum interdum. Duis sapien nunc, commodo et, interdum suscipit, sollicitudin et, dolor. Vivamus porttitor turpis ac leo. Etiam sapien elit, consequat eget, tristique non, venenatis quis, ante. In dapibus augue non sapien. Duis risus. Nam quis nulla. Nullam lectus justo, vulputate eget mollis sed, tempor sed magna. Pellentesque habitant morbi tristique senectus et netus et malesuada fames ac turpis egestas. Vestibulum fermentum tortor id mi. Aliquam erat volutpat.</p>\r\n<p>Nulla accumsan, elit sit amet varius semper, nulla mauris mollis quam, tempor suscipit diam nulla vel leo. Nunc dapibus tortor vel mi dapibus sollicitudin. Etiam quis quam. Etiam commodo dui eget wisi. Ut enim ad minima veniam, quis nostrum exercitationem ullam corporis suscipit laboriosam, nisi ut aliquid ex ea commodi consequatur? Mauris suscipit, ligula sit amet pharetra semper, nibh ante cursus purus, vel sagittis velit mauris vel metus. Curabitur sagittis hendrerit ante. In enim a arcu imperdiet malesuada. Nam quis nulla. Vestibulum erat nulla, ullamcorper nec, rutrum non, nonummy ac, erat. Nullam sapien sem, ornare ac, nonummy non, lobortis a enim. Praesent vitae arcu tempor neque lacinia pretium. Pellentesque ipsum. Aliquam ante. Suspendisse nisl. Etiam neque. Nunc dapibus tortor vel mi dapibus sollicitudin. Nulla accumsan, elit sit amet varius semper, nulla mauris mollis quam, tempor suscipit diam nulla vel leo. Integer in sapien.</p>',	'2012-08-08 14:19:24',	1,	1,	0),
(9,	1,	1,	'Integer vulputate sem a nibh rutrum consequat',	'integer-vulputate-sem-a-nibh-rutrum-consequat',	'',	'',	'<p>Integer vulputate sem a nibh rutrum consequat. Nullam sapien sem, ornare ac, nonummy non, lobortis a enim. Curabitur bibendum justo non orci. Sed convallis magna eu sem. Ut tempus purus at lorem. Etiam sapien elit, consequat eget, tristique non, venenatis quis, ante. Duis risus. Temporibus autem quibusdam et aut officiis debitis aut rerum necessitatibus saepe eveniet ut et voluptates repudiandae sint et molestiae non recusandae. Cras pede libero, dapibus nec, pretium sit amet, tempor quis. Etiam neque. Suspendisse sagittis ultrices augue. Fusce nibh. Aliquam erat volutpat. Aliquam ante. Etiam dui sem, fermentum vitae, sagittis id, malesuada in, quam. Nullam faucibus mi quis velit. Etiam ligula pede, sagittis quis, interdum ultricies, scelerisque eu.</p>\r\n<p>Aliquam in lorem sit amet leo accumsan lacinia. Aliquam ante. Nulla est. Nullam faucibus mi quis velit. Integer lacinia. Mauris suscipit, ligula sit amet pharetra semper, nibh ante cursus purus, vel sagittis velit mauris vel metus. Excepteur sint occaecat cupidatat non proident, sunt in culpa qui officia deserunt mollit anim id est laborum. Vestibulum erat nulla, ullamcorper nec, rutrum non, nonummy ac, erat. Integer malesuada. Curabitur bibendum justo non orci.</p>\r\n<p>Cum sociis natoque penatibus et magnis dis parturient montes, nascetur ridiculus mus. Integer vulputate sem a nibh rutrum consequat. Duis pulvinar. Cum sociis natoque penatibus et magnis dis parturient montes, nascetur ridiculus mus. Curabitur ligula sapien, pulvinar a vestibulum quis, facilisis vel sapien. Nullam feugiat, turpis at pulvinar vulputate, erat libero tristique tellus, nec bibendum odio risus sit amet ante. Maecenas aliquet accumsan leo. Aliquam erat volutpat. Cum sociis natoque penatibus et magnis dis parturient montes, nascetur ridiculus mus. Aliquam erat volutpat. Maecenas libero. Praesent in mauris eu tortor porttitor accumsan. Sed ac dolor sit amet purus malesuada congue. Excepteur sint occaecat cupidatat non proident, sunt in culpa qui officia deserunt mollit anim id est laborum. Morbi scelerisque luctus velit. Nulla non lectus sed nisl molestie malesuada. Nam sed tellus id magna elementum tincidunt. Fusce tellus odio, dapibus id fermentum quis, suscipit id erat.</p>\r\n<p>Donec iaculis gravida nulla. Etiam bibendum elit eget erat. Lorem ipsum dolor sit amet, consectetuer adipiscing elit. Mauris elementum mauris vitae tortor. Etiam dui sem, fermentum vitae, sagittis id, malesuada in, quam. Aliquam erat volutpat. Duis condimentum augue id magna semper rutrum. Aliquam erat volutpat. Praesent id justo in neque elementum ultrices. Maecenas ipsum velit, consectetuer eu lobortis ut, dictum at dui. Fusce tellus odio, dapibus id fermentum quis, suscipit id erat.</p>\r\n<p>Vestibulum fermentum tortor id mi. Praesent vitae arcu tempor neque lacinia pretium. Etiam neque. Nullam sapien sem, ornare ac, nonummy non, lobortis a enim. Nulla non lectus sed nisl molestie malesuada. Morbi scelerisque luctus velit. Etiam neque. Etiam commodo dui eget wisi. Phasellus et lorem id felis nonummy placerat. In enim a arcu imperdiet malesuada. Nullam faucibus mi quis velit. Etiam posuere lacus quis dolor. Phasellus rhoncus. Morbi imperdiet, mauris ac auctor dictum, nisl ligula egestas nulla, et sollicitudin sem purus in lacus. Etiam sapien elit, consequat eget, tristique non, venenatis quis, ante. Etiam dictum tincidunt diam. Nullam eget nisl.</p>',	'2012-08-08 14:19:59',	1,	1,	4);

INSERT INTO `Fl_Tag` (`id`, `name`, `slug`) VALUES
(1,	'Mauris',	'mauris'),
(2,	'dolor',	'dolor'),
(3,	'felis',	'felis'),
(4,	'Donec',	'donec'),
(5,	'vitae',	'vitae'),
(6,	'arcu',	'arcu'),
(7,	'Nunc',	'nunc'),
(8,	'auctor',	'auctor'),
(9,	'Morbi',	'morbi'),
(10,	'scelerisque',	'scelerisque'),
(11,	'luctus velit',	'luctus-velit'),
(12,	'Aliquam ante',	'aliquam-ante'),
(13,	'loctor',	'loctor'),
(14,	'impecto',	'impecto');

INSERT INTO `Fl_User` (`id`, `info_id`, `password`, `role`, `email`, `facebook`) VALUES
(1,	NULL,	'$2a$07$8237dee42f4370e9015dbOkJ.dMdxysALY0pC2YtQLfc8NwppXM/i',	'administrator',	'user@demo.com',	NULL);

INSERT INTO `Fl_Menu` (`id`, `title`, `url`, `priority`) VALUES
(1,	'Home',	'/',	5),
(2,	'Pellentesque habitant morbi',	'/page/detail/1',	10),
(3,	'Links',	'/link/',	20);

INSERT INTO `Fl_Link` (`id`, `name`, `url`, `description`, `public`) VALUES
(1,	'JSifalda.name',	'http://http://http://jsifalda.name/',	'Online profile of author',	1),
(2,	'https://github.com/flame-org',	'http://Github/flame-org',	'Profile of organization which is working Flame framework',	1),
(3,	'Github/flame-org/CMS',	'http://https://github.com/flame-org/CMS',	'Public sources of Flame framework',	1);

-- 2012-08-08 14:56:25